Specification,Partial Query
"{'meaningful_joins': 'mixed', 'table_exp_type': 'INNER JOIN', 'where_type': 'IN', 'number_of_value_exp_in_group_by': 1, 'having_type': {'single': 'MAX'}, 'orderby_type': 'ASC', 'limit_type': 'with_offset', 'value_exp_types': ['count_distinct_exp', 'arithmatic_exp'], 'distinct_type': 'none'}","SELECT COUNT(DISTINCT(Total_Horses)), 28, Theme FROM farm_competition INNER JOIN farmcompetition_record ON farm_competition.Competition_ID = competition_record.Competition_ID AND competition_record.Farm_ID = farm.Farm_ID WHERE Theme IN (banana, grape, pineapple, orange, apple) GROUP BY Theme HAVING MAX(Oxen) = 78 ORDER BY Theme ASC LIMIT 2 OFFSET 3
SELECT COUNT(DISTINCT(Sheep_and_Goats)), (52 + 59 - LOG(() / 54 * ())), Theme FROM farm_competition INNER JOIN farmcompetition_record ON farm_competition.Competition_ID = competition_record.Competition_ID AND competition_record.Farm_ID = farm.Farm_ID WHERE Theme IN (banana, grape, pineapple, orange, apple) GROUP BY Theme HAVING MAX(Oxen) = 78 ORDER BY Theme ASC LIMIT 8 OFFSET 1
SELECT COUNT(DISTINCT(farm_competition.Year)), Total_Cattle, Theme FROM farm_competition INNER JOIN farmcompetition_record ON farm_competition.Competition_ID = competition_record.Competition_ID AND competition_record.Farm_ID = farm.Farm_ID WHERE Theme IN (banana, grape, pineapple, orange, apple) GROUP BY Theme HAVING MAX(Oxen) = 78 ORDER BY Theme ASC LIMIT 7 OFFSET 2
SELECT COUNT(DISTINCT(competition_record.Farm_ID)), (19 + 37 - 45), Theme FROM farm_competition INNER JOIN farmcompetition_record ON farm_competition.Competition_ID = competition_record.Competition_ID AND competition_record.Farm_ID = farm.Farm_ID WHERE Theme IN (banana, grape, pineapple, orange, apple) GROUP BY Theme HAVING MAX(Cows) > 75 ORDER BY Theme ASC LIMIT 6 OFFSET 4
SELECT COUNT(DISTINCT(competition_record.Farm_ID)), Bulls, Theme FROM farm_competition INNER JOIN farmcompetition_record ON farm_competition.Competition_ID = competition_record.Competition_ID AND competition_record.Farm_ID = farm.Farm_ID WHERE Theme IN (banana, grape, pineapple, orange, apple) GROUP BY Theme HAVING MAX(Cows) > 75 ORDER BY Theme ASC LIMIT 2 OFFSET 7
SELECT COUNT(DISTINCT(farm.Year)), ((() / ()) / SQRT(FLOOR()) * (() + 70 + Working_Horses)), Theme FROM farm_competition INNER JOIN farmcompetition_record ON farm_competition.Competition_ID = competition_record.Competition_ID AND competition_record.Farm_ID = farm.Farm_ID WHERE Theme IN (banana, grape, pineapple, orange, apple) GROUP BY Theme HAVING MAX(Cows) > 75 ORDER BY Theme ASC LIMIT 7 OFFSET 6
SELECT COUNT(DISTINCT(Working_Horses)), (Sheep_and_Goats * LOG(Sheep_and_Goats)), Theme FROM farm_competition INNER JOIN farmcompetition_record ON farm_competition.Competition_ID = competition_record.Competition_ID AND competition_record.Farm_ID = farm.Farm_ID WHERE Theme IN (banana, grape, pineapple, orange, apple) GROUP BY Theme HAVING MAX(farm.Year) < 86 ORDER BY Theme ASC LIMIT 9 OFFSET 7
SELECT COUNT(DISTINCT(farm_competition.Year)), (competition_record.Farm_ID / (competition_record.Farm_ID / Working_Horses + 90) * LOG10(() / ())), Theme FROM farm_competition INNER JOIN farmcompetition_record ON farm_competition.Competition_ID = competition_record.Competition_ID AND competition_record.Farm_ID = farm.Farm_ID WHERE Theme IN (banana, grape, pineapple, orange, apple) GROUP BY Theme HAVING MAX(farm.Year) < 86 ORDER BY Theme ASC LIMIT 8 OFFSET 8
SELECT COUNT(DISTINCT(Cows)), Pigs, Theme FROM farm_competition INNER JOIN farmcompetition_record ON farm_competition.Competition_ID = competition_record.Competition_ID AND competition_record.Farm_ID = farm.Farm_ID WHERE Theme IN (banana, grape, pineapple, orange, apple) GROUP BY Theme HAVING MAX(farm.Year) < 86 ORDER BY Theme ASC LIMIT 2 OFFSET 5
SELECT COUNT(DISTINCT(Cows)), farm_competition.Competition_ID, Theme FROM farm_competition INNER JOIN farmcompetition_record ON farm_competition.Competition_ID = competition_record.Competition_ID AND competition_record.Farm_ID = farm.Farm_ID WHERE Theme IN (banana, grape, pineapple, orange, apple) GROUP BY Theme HAVING MAX(Sheep_and_Goats) >= 77 ORDER BY Theme ASC LIMIT 2 OFFSET 2
SELECT COUNT(DISTINCT(Hosts)), 53, Theme FROM farm_competition INNER JOIN farmcompetition_record ON farm_competition.Competition_ID = competition_record.Competition_ID AND competition_record.Farm_ID = farm.Farm_ID WHERE Theme IN (banana, grape, pineapple, orange, apple) GROUP BY Theme HAVING MAX(Sheep_and_Goats) >= 77 ORDER BY Theme ASC LIMIT 10 OFFSET 4
SELECT COUNT(DISTINCT(Cows)), 83, Theme FROM farm_competition INNER JOIN farmcompetition_record ON farm_competition.Competition_ID = competition_record.Competition_ID AND competition_record.Farm_ID = farm.Farm_ID WHERE Theme IN (banana, grape, pineapple, orange, apple) GROUP BY Theme HAVING MAX(Sheep_and_Goats) >= 77 ORDER BY Theme ASC LIMIT 3 OFFSET 9
SELECT COUNT(DISTINCT(Oxen)), 17, Theme FROM farm_competition INNER JOIN farmcompetition_record ON farm_competition.Competition_ID = competition_record.Competition_ID AND competition_record.Farm_ID = farm.Farm_ID WHERE Theme IN (banana, grape, pineapple, orange, apple) GROUP BY Theme HAVING MAX(Total_Cattle) <= 87 ORDER BY Theme ASC LIMIT 6 OFFSET 10
SELECT COUNT(DISTINCT(Pigs)), SQRT(farm_competition.Competition_ID), Theme FROM farm_competition INNER JOIN farmcompetition_record ON farm_competition.Competition_ID = competition_record.Competition_ID AND competition_record.Farm_ID = farm.Farm_ID WHERE Theme IN (banana, grape, pineapple, orange, apple) GROUP BY Theme HAVING MAX(Total_Cattle) <= 87 ORDER BY Theme ASC LIMIT 10 OFFSET 10
SELECT COUNT(DISTINCT(Hosts)), 17, Theme FROM farm_competition INNER JOIN farmcompetition_record ON farm_competition.Competition_ID = competition_record.Competition_ID AND competition_record.Farm_ID = farm.Farm_ID WHERE Theme IN (banana, grape, pineapple, orange, apple) GROUP BY Theme HAVING MAX(Total_Cattle) <= 87 ORDER BY Theme ASC LIMIT 8 OFFSET 2
SELECT COUNT(DISTINCT(farm.Farm_ID)), ABS(Bulls), Total_Cattle FROM farm_competition INNER JOIN farmcompetition_record ON farm_competition.Competition_ID = competition_record.Competition_ID AND competition_record.Farm_ID = farm.Farm_ID WHERE Theme IN (banana, grape, pineapple, orange, apple) GROUP BY Total_Cattle HAVING MAX(farm_competition.Year) = 2 ORDER BY Total_Cattle ASC LIMIT 8 OFFSET 4
SELECT COUNT(DISTINCT(competition_record.Farm_ID)), (Pigs * 84 * (57 / 51)), Total_Cattle FROM farm_competition INNER JOIN farmcompetition_record ON farm_competition.Competition_ID = competition_record.Competition_ID AND competition_record.Farm_ID = farm.Farm_ID WHERE Theme IN (banana, grape, pineapple, orange, apple) GROUP BY Total_Cattle HAVING MAX(farm_competition.Year) = 2 ORDER BY Total_Cattle ASC LIMIT 3 OFFSET 6
SELECT COUNT(DISTINCT(competition_record.Farm_ID)), 27, Total_Cattle FROM farm_competition INNER JOIN farmcompetition_record ON farm_competition.Competition_ID = competition_record.Competition_ID AND competition_record.Farm_ID = farm.Farm_ID WHERE Theme IN (banana, grape, pineapple, orange, apple) GROUP BY Total_Cattle HAVING MAX(farm_competition.Year) = 2 ORDER BY Total_Cattle ASC LIMIT 4 OFFSET 2
SELECT COUNT(DISTINCT(Rank)), farm.Year, Total_Cattle FROM farm_competition INNER JOIN farmcompetition_record ON farm_competition.Competition_ID = competition_record.Competition_ID AND competition_record.Farm_ID = farm.Farm_ID WHERE Theme IN (banana, grape, pineapple, orange, apple) GROUP BY Total_Cattle HAVING MAX(Working_Horses) > 97 ORDER BY Total_Cattle ASC LIMIT 6 OFFSET 5
SELECT COUNT(DISTINCT(Oxen)), (47 / Working_Horses / farm.Farm_ID), Total_Cattle FROM farm_competition INNER JOIN farmcompetition_record ON farm_competition.Competition_ID = competition_record.Competition_ID AND competition_record.Farm_ID = farm.Farm_ID WHERE Theme IN (banana, grape, pineapple, orange, apple) GROUP BY Total_Cattle HAVING MAX(Working_Horses) > 97 ORDER BY Total_Cattle ASC LIMIT 9 OFFSET 2
SELECT COUNT(DISTINCT(Total_Cattle)), Bulls, Total_Cattle FROM farm_competition INNER JOIN farmcompetition_record ON farm_competition.Competition_ID = competition_record.Competition_ID AND competition_record.Farm_ID = farm.Farm_ID WHERE Theme IN (banana, grape, pineapple, orange, apple) GROUP BY Total_Cattle HAVING MAX(Working_Horses) > 97 ORDER BY Total_Cattle ASC LIMIT 3 OFFSET 5
SELECT COUNT(DISTINCT(competition_record.Farm_ID)), 99, Total_Cattle FROM farm_competition INNER JOIN farmcompetition_record ON farm_competition.Competition_ID = competition_record.Competition_ID AND competition_record.Farm_ID = farm.Farm_ID WHERE Theme IN (banana, grape, pineapple, orange, apple) GROUP BY Total_Cattle HAVING MAX(Pigs) < 40 ORDER BY Total_Cattle ASC LIMIT 8 OFFSET 10
SELECT COUNT(DISTINCT(Sheep_and_Goats)), 91, Total_Cattle FROM farm_competition INNER JOIN farmcompetition_record ON farm_competition.Competition_ID = competition_record.Competition_ID AND competition_record.Farm_ID = farm.Farm_ID WHERE Theme IN (banana, grape, pineapple, orange, apple) GROUP BY Total_Cattle HAVING MAX(Pigs) < 40 ORDER BY Total_Cattle ASC LIMIT 3 OFFSET 2
SELECT COUNT(DISTINCT(Host_city_ID)), 34, Total_Cattle FROM farm_competition INNER JOIN farmcompetition_record ON farm_competition.Competition_ID = competition_record.Competition_ID AND competition_record.Farm_ID = farm.Farm_ID WHERE Theme IN (banana, grape, pineapple, orange, apple) GROUP BY Total_Cattle HAVING MAX(Pigs) < 40 ORDER BY Total_Cattle ASC LIMIT 10 OFFSET 2
SELECT COUNT(DISTINCT(Sheep_and_Goats)), Sheep_and_Goats, Total_Cattle FROM farm_competition INNER JOIN farmcompetition_record ON farm_competition.Competition_ID = competition_record.Competition_ID AND competition_record.Farm_ID = farm.Farm_ID WHERE Theme IN (banana, grape, pineapple, orange, apple) GROUP BY Total_Cattle HAVING MAX(Total_Horses) >= 55 ORDER BY Total_Cattle ASC LIMIT 6 OFFSET 4
SELECT COUNT(DISTINCT(Oxen)), (80 - 24), Total_Cattle FROM farm_competition INNER JOIN farmcompetition_record ON farm_competition.Competition_ID = competition_record.Competition_ID AND competition_record.Farm_ID = farm.Farm_ID WHERE Theme IN (banana, grape, pineapple, orange, apple) GROUP BY Total_Cattle HAVING MAX(Total_Horses) >= 55 ORDER BY Total_Cattle ASC LIMIT 1 OFFSET 1
SELECT COUNT(DISTINCT(Sheep_and_Goats)), Rank, Total_Cattle FROM farm_competition INNER JOIN farmcompetition_record ON farm_competition.Competition_ID = competition_record.Competition_ID AND competition_record.Farm_ID = farm.Farm_ID WHERE Theme IN (banana, grape, pineapple, orange, apple) GROUP BY Total_Cattle HAVING MAX(Total_Horses) >= 55 ORDER BY Total_Cattle ASC LIMIT 10 OFFSET 10
SELECT COUNT(DISTINCT(Oxen)), competition_record.Competition_ID, Total_Cattle FROM farm_competition INNER JOIN farmcompetition_record ON farm_competition.Competition_ID = competition_record.Competition_ID AND competition_record.Farm_ID = farm.Farm_ID WHERE Theme IN (banana, grape, pineapple, orange, apple) GROUP BY Total_Cattle HAVING MAX(competition_record.Competition_ID) <= 83 ORDER BY Total_Cattle ASC LIMIT 1 OFFSET 1
SELECT COUNT(DISTINCT(Oxen)), 37, Total_Cattle FROM farm_competition INNER JOIN farmcompetition_record ON farm_competition.Competition_ID = competition_record.Competition_ID AND competition_record.Farm_ID = farm.Farm_ID WHERE Theme IN (banana, grape, pineapple, orange, apple) GROUP BY Total_Cattle HAVING MAX(competition_record.Competition_ID) <= 83 ORDER BY Total_Cattle ASC LIMIT 5 OFFSET 7
SELECT COUNT(DISTINCT(competition_record.Farm_ID)), Cows, Total_Cattle FROM farm_competition INNER JOIN farmcompetition_record ON farm_competition.Competition_ID = competition_record.Competition_ID AND competition_record.Farm_ID = farm.Farm_ID WHERE Theme IN (banana, grape, pineapple, orange, apple) GROUP BY Total_Cattle HAVING MAX(competition_record.Competition_ID) <= 83 ORDER BY Total_Cattle ASC LIMIT 6 OFFSET 2
SELECT COUNT(DISTINCT(Sheep_and_Goats)), (EXP(Total_Horses) - ROUND(Working_Horses,5)), competition_record.Farm_ID FROM competition_record INNER JOIN farm ON competition_record.Rank = farm.Cows WHERE Competition_ID IN (1, 2, 3, 40, 5) GROUP BY competition_record.Farm_ID HAVING MAX(Working_Horses) = 2 ORDER BY competition_record.Farm_ID ASC LIMIT 9 OFFSET 2
SELECT COUNT(DISTINCT(Pigs)), 31, competition_record.Farm_ID FROM competition_record INNER JOIN farm ON competition_record.Rank = farm.Cows WHERE Competition_ID IN (1, 2, 3, 40, 5) GROUP BY competition_record.Farm_ID HAVING MAX(Working_Horses) = 2 ORDER BY competition_record.Farm_ID ASC LIMIT 10 OFFSET 6
SELECT COUNT(DISTINCT(Pigs)), (Competition_ID * 8), competition_record.Farm_ID FROM competition_record INNER JOIN farm ON competition_record.Rank = farm.Cows WHERE Competition_ID IN (1, 2, 3, 40, 5) GROUP BY competition_record.Farm_ID HAVING MAX(Working_Horses) = 2 ORDER BY competition_record.Farm_ID ASC LIMIT 10 OFFSET 4
SELECT COUNT(DISTINCT(farm.Farm_ID)), 34, competition_record.Farm_ID FROM competition_record INNER JOIN farm ON competition_record.Rank = farm.Cows WHERE Competition_ID IN (1, 2, 3, 40, 5) GROUP BY competition_record.Farm_ID HAVING MAX(Working_Horses) > 32 ORDER BY competition_record.Farm_ID ASC LIMIT 5 OFFSET 7
SELECT COUNT(DISTINCT(Year)), ((94 * competition_record.Farm_ID) / (21 + 39) * Year), competition_record.Farm_ID FROM competition_record INNER JOIN farm ON competition_record.Rank = farm.Cows WHERE Competition_ID IN (1, 2, 3, 40, 5) GROUP BY competition_record.Farm_ID HAVING MAX(Working_Horses) > 32 ORDER BY competition_record.Farm_ID ASC LIMIT 7 OFFSET 9
SELECT COUNT(DISTINCT(Pigs)), 48, competition_record.Farm_ID FROM competition_record INNER JOIN farm ON competition_record.Rank = farm.Cows WHERE Competition_ID IN (1, 2, 3, 40, 5) GROUP BY competition_record.Farm_ID HAVING MAX(Working_Horses) > 32 ORDER BY competition_record.Farm_ID ASC LIMIT 9 OFFSET 10
SELECT COUNT(DISTINCT(Total_Cattle)), Working_Horses, competition_record.Farm_ID FROM competition_record INNER JOIN farm ON competition_record.Rank = farm.Cows WHERE Competition_ID IN (1, 2, 3, 40, 5) GROUP BY competition_record.Farm_ID HAVING MAX(Total_Cattle) < 69 ORDER BY competition_record.Farm_ID ASC LIMIT 7 OFFSET 3
SELECT COUNT(DISTINCT(Total_Horses)), LOG10(Total_Horses), competition_record.Farm_ID FROM competition_record INNER JOIN farm ON competition_record.Rank = farm.Cows WHERE Competition_ID IN (1, 2, 3, 40, 5) GROUP BY competition_record.Farm_ID HAVING MAX(Total_Cattle) < 69 ORDER BY competition_record.Farm_ID ASC LIMIT 9 OFFSET 2
SELECT COUNT(DISTINCT(Competition_ID)), ((10 / Working_Horses) - (44 * 79 + 93) * RAND(Total_Cattle)), competition_record.Farm_ID FROM competition_record INNER JOIN farm ON competition_record.Rank = farm.Cows WHERE Competition_ID IN (1, 2, 3, 40, 5) GROUP BY competition_record.Farm_ID HAVING MAX(Total_Cattle) < 69 ORDER BY competition_record.Farm_ID ASC LIMIT 9 OFFSET 2
SELECT COUNT(DISTINCT(Bulls)), SIGN(Pigs), competition_record.Farm_ID FROM competition_record INNER JOIN farm ON competition_record.Rank = farm.Cows WHERE Competition_ID IN (1, 2, 3, 40, 5) GROUP BY competition_record.Farm_ID HAVING MAX(Year) >= 81 ORDER BY competition_record.Farm_ID ASC LIMIT 8 OFFSET 2
SELECT COUNT(DISTINCT(Competition_ID)), 19, competition_record.Farm_ID FROM competition_record INNER JOIN farm ON competition_record.Rank = farm.Cows WHERE Competition_ID IN (1, 2, 3, 40, 5) GROUP BY competition_record.Farm_ID HAVING MAX(Year) >= 81 ORDER BY competition_record.Farm_ID ASC LIMIT 6 OFFSET 6
SELECT COUNT(DISTINCT(Total_Horses)), 57, competition_record.Farm_ID FROM competition_record INNER JOIN farm ON competition_record.Rank = farm.Cows WHERE Competition_ID IN (1, 2, 3, 40, 5) GROUP BY competition_record.Farm_ID HAVING MAX(Year) >= 81 ORDER BY competition_record.Farm_ID ASC LIMIT 8 OFFSET 9
SELECT COUNT(DISTINCT(Pigs)), ((() * () / ()) / (() / LOG() + 63)), competition_record.Farm_ID FROM competition_record INNER JOIN farm ON competition_record.Rank = farm.Cows WHERE Competition_ID IN (1, 2, 3, 40, 5) GROUP BY competition_record.Farm_ID HAVING MAX(Pigs) <= 98 ORDER BY competition_record.Farm_ID ASC LIMIT 6 OFFSET 9
SELECT COUNT(DISTINCT(Sheep_and_Goats)), 10, competition_record.Farm_ID FROM competition_record INNER JOIN farm ON competition_record.Rank = farm.Cows WHERE Competition_ID IN (1, 2, 3, 40, 5) GROUP BY competition_record.Farm_ID HAVING MAX(Pigs) <= 98 ORDER BY competition_record.Farm_ID ASC LIMIT 5 OFFSET 4
SELECT COUNT(DISTINCT(Sheep_and_Goats)), Total_Cattle, competition_record.Farm_ID FROM competition_record INNER JOIN farm ON competition_record.Rank = farm.Cows WHERE Competition_ID IN (1, 2, 3, 40, 5) GROUP BY competition_record.Farm_ID HAVING MAX(Pigs) <= 98 ORDER BY competition_record.Farm_ID ASC LIMIT 3 OFFSET 3
SELECT COUNT(DISTINCT(Year)), 37, Rank FROM competition_record INNER JOIN farm ON competition_record.Rank = farm.Cows WHERE Competition_ID IN (1, 2, 3, 40, 5) GROUP BY Rank HAVING MAX(Total_Cattle) = 84 ORDER BY Rank ASC LIMIT 6 OFFSET 1
SELECT COUNT(DISTINCT(Working_Horses)), 88, Rank FROM competition_record INNER JOIN farm ON competition_record.Rank = farm.Cows WHERE Competition_ID IN (1, 2, 3, 40, 5) GROUP BY Rank HAVING MAX(Total_Cattle) = 84 ORDER BY Rank ASC LIMIT 2 OFFSET 1
SELECT COUNT(DISTINCT(Oxen)), (71 - 32), Rank FROM competition_record INNER JOIN farm ON competition_record.Rank = farm.Cows WHERE Competition_ID IN (1, 2, 3, 40, 5) GROUP BY Rank HAVING MAX(Total_Cattle) = 84 ORDER BY Rank ASC LIMIT 2 OFFSET 2
SELECT COUNT(DISTINCT(Sheep_and_Goats)), CEILING(Total_Cattle), Rank FROM competition_record INNER JOIN farm ON competition_record.Rank = farm.Cows WHERE Competition_ID IN (1, 2, 3, 40, 5) GROUP BY Rank HAVING MAX(Rank) > 23 ORDER BY Rank ASC LIMIT 7 OFFSET 8
SELECT COUNT(DISTINCT(Pigs)), Competition_ID, Rank FROM competition_record INNER JOIN farm ON competition_record.Rank = farm.Cows WHERE Competition_ID IN (1, 2, 3, 40, 5) GROUP BY Rank HAVING MAX(Rank) > 23 ORDER BY Rank ASC LIMIT 4 OFFSET 5
SELECT COUNT(DISTINCT(Total_Horses)), 5, Rank FROM competition_record INNER JOIN farm ON competition_record.Rank = farm.Cows WHERE Competition_ID IN (1, 2, 3, 40, 5) GROUP BY Rank HAVING MAX(Rank) > 23 ORDER BY Rank ASC LIMIT 10 OFFSET 10
SELECT COUNT(DISTINCT(Sheep_and_Goats)), EXP(37), Rank FROM competition_record INNER JOIN farm ON competition_record.Rank = farm.Cows WHERE Competition_ID IN (1, 2, 3, 40, 5) GROUP BY Rank HAVING MAX(Cows) < 49 ORDER BY Rank ASC LIMIT 9 OFFSET 2
SELECT COUNT(DISTINCT(Competition_ID)), (81 / 51), Rank FROM competition_record INNER JOIN farm ON competition_record.Rank = farm.Cows WHERE Competition_ID IN (1, 2, 3, 40, 5) GROUP BY Rank HAVING MAX(Cows) < 49 ORDER BY Rank ASC LIMIT 6 OFFSET 2
SELECT COUNT(DISTINCT(Total_Cattle)), ((76 - 68) * (() / 1) / 56), Rank FROM competition_record INNER JOIN farm ON competition_record.Rank = farm.Cows WHERE Competition_ID IN (1, 2, 3, 40, 5) GROUP BY Rank HAVING MAX(Cows) < 49 ORDER BY Rank ASC LIMIT 9 OFFSET 10
SELECT COUNT(DISTINCT(Year)), LOG(57 / (ROUND(,3) + Working_Horses * ()) / CEILING(Pigs + 53)), Rank FROM competition_record INNER JOIN farm ON competition_record.Rank = farm.Cows WHERE Competition_ID IN (1, 2, 3, 40, 5) GROUP BY Rank HAVING MAX(Sheep_and_Goats) >= 7 ORDER BY Rank ASC LIMIT 3 OFFSET 7
SELECT COUNT(DISTINCT(Pigs)), 73, Rank FROM competition_record INNER JOIN farm ON competition_record.Rank = farm.Cows WHERE Competition_ID IN (1, 2, 3, 40, 5) GROUP BY Rank HAVING MAX(Sheep_and_Goats) >= 7 ORDER BY Rank ASC LIMIT 6 OFFSET 7
SELECT COUNT(DISTINCT(Cows)), Total_Horses, Rank FROM competition_record INNER JOIN farm ON competition_record.Rank = farm.Cows WHERE Competition_ID IN (1, 2, 3, 40, 5) GROUP BY Rank HAVING MAX(Sheep_and_Goats) >= 7 ORDER BY Rank ASC LIMIT 4 OFFSET 3
SELECT COUNT(DISTINCT(Working_Horses)), 60, Rank FROM competition_record INNER JOIN farm ON competition_record.Rank = farm.Cows WHERE Competition_ID IN (1, 2, 3, 40, 5) GROUP BY Rank HAVING MAX(Year) <= 49 ORDER BY Rank ASC LIMIT 7 OFFSET 8
SELECT COUNT(DISTINCT(Total_Cattle)), ((62 - ABS(Oxen) / 11) - (Total_Horses / 2 - 24)), Rank FROM competition_record INNER JOIN farm ON competition_record.Rank = farm.Cows WHERE Competition_ID IN (1, 2, 3, 40, 5) GROUP BY Rank HAVING MAX(Year) <= 49 ORDER BY Rank ASC LIMIT 1 OFFSET 2
SELECT COUNT(DISTINCT(Rank)), ABS((Sheep_and_Goats - () / 40) * (() / ()) * (() * ())), Rank FROM competition_record INNER JOIN farm ON competition_record.Rank = farm.Cows WHERE Competition_ID IN (1, 2, 3, 40, 5) GROUP BY Rank HAVING MAX(Year) <= 49 ORDER BY Rank ASC LIMIT 4 OFFSET 4
SELECT COUNT(DISTINCT(Total_Cattle)), ((70 + () + 2) + competition_record.Farm_ID - 63), Oxen FROM competition_record INNER JOIN farm ON farm.Total_Cattle = competition_record.Farm_ID WHERE Sheep_and_Goats IN (1, 2, 3, 40, 5) GROUP BY Oxen HAVING MAX(Sheep_and_Goats) = 47 ORDER BY Oxen ASC LIMIT 6 OFFSET 2
SELECT COUNT(DISTINCT(Total_Cattle)), CEILING((42 + POWER(Total_Horses,5) + RAND(competition_record.Farm_ID))), Oxen FROM competition_record INNER JOIN farm ON farm.Total_Cattle = competition_record.Farm_ID WHERE Sheep_and_Goats IN (1, 2, 3, 40, 5) GROUP BY Oxen HAVING MAX(Sheep_and_Goats) = 47 ORDER BY Oxen ASC LIMIT 9 OFFSET 8
SELECT COUNT(DISTINCT(Bulls)), (SIGN(Total_Cattle) / SIGN(EXP(Oxen) - () - RAND()) / EXP(Total_Horses)), Oxen FROM competition_record INNER JOIN farm ON farm.Total_Cattle = competition_record.Farm_ID WHERE Sheep_and_Goats IN (1, 2, 3, 40, 5) GROUP BY Oxen HAVING MAX(Sheep_and_Goats) = 47 ORDER BY Oxen ASC LIMIT 4 OFFSET 6
SELECT COUNT(DISTINCT(Oxen)), 82, Oxen FROM competition_record INNER JOIN farm ON farm.Total_Cattle = competition_record.Farm_ID WHERE Sheep_and_Goats IN (1, 2, 3, 40, 5) GROUP BY Oxen HAVING MAX(competition_record.Farm_ID) > 49 ORDER BY Oxen ASC LIMIT 9 OFFSET 4
SELECT COUNT(DISTINCT(Rank)), 40, Oxen FROM competition_record INNER JOIN farm ON farm.Total_Cattle = competition_record.Farm_ID WHERE Sheep_and_Goats IN (1, 2, 3, 40, 5) GROUP BY Oxen HAVING MAX(competition_record.Farm_ID) > 49 ORDER BY Oxen ASC LIMIT 9 OFFSET 6
SELECT COUNT(DISTINCT(Sheep_and_Goats)), (24 / (Total_Horses * () - LOG(Pigs)) + Cows), Oxen FROM competition_record INNER JOIN farm ON farm.Total_Cattle = competition_record.Farm_ID WHERE Sheep_and_Goats IN (1, 2, 3, 40, 5) GROUP BY Oxen HAVING MAX(competition_record.Farm_ID) > 49 ORDER BY Oxen ASC LIMIT 3 OFFSET 1
SELECT COUNT(DISTINCT(farm.Farm_ID)), LOG10(Year), Oxen FROM competition_record INNER JOIN farm ON farm.Total_Cattle = competition_record.Farm_ID WHERE Sheep_and_Goats IN (1, 2, 3, 40, 5) GROUP BY Oxen HAVING MAX(Year) < 8 ORDER BY Oxen ASC LIMIT 9 OFFSET 4
SELECT COUNT(DISTINCT(Rank)), 43, Oxen FROM competition_record INNER JOIN farm ON farm.Total_Cattle = competition_record.Farm_ID WHERE Sheep_and_Goats IN (1, 2, 3, 40, 5) GROUP BY Oxen HAVING MAX(Year) < 8 ORDER BY Oxen ASC LIMIT 6 OFFSET 5
SELECT COUNT(DISTINCT(Pigs)), (57 / (ROUND(Sheep_and_Goats,2) * () * ()) + (12 / 14)), Oxen FROM competition_record INNER JOIN farm ON farm.Total_Cattle = competition_record.Farm_ID WHERE Sheep_and_Goats IN (1, 2, 3, 40, 5) GROUP BY Oxen HAVING MAX(Year) < 8 ORDER BY Oxen ASC LIMIT 8 OFFSET 6
SELECT COUNT(DISTINCT(competition_record.Farm_ID)), ROUND((() - Sheep_and_Goats),3), Oxen FROM competition_record INNER JOIN farm ON farm.Total_Cattle = competition_record.Farm_ID WHERE Sheep_and_Goats IN (1, 2, 3, 40, 5) GROUP BY Oxen HAVING MAX(Cows) >= 20 ORDER BY Oxen ASC LIMIT 3 OFFSET 10
SELECT COUNT(DISTINCT(Bulls)), Cows, Oxen FROM competition_record INNER JOIN farm ON farm.Total_Cattle = competition_record.Farm_ID WHERE Sheep_and_Goats IN (1, 2, 3, 40, 5) GROUP BY Oxen HAVING MAX(Cows) >= 20 ORDER BY Oxen ASC LIMIT 9 OFFSET 8
SELECT COUNT(DISTINCT(Sheep_and_Goats)), (6 + 7 / FLOOR(Bulls)), Oxen FROM competition_record INNER JOIN farm ON farm.Total_Cattle = competition_record.Farm_ID WHERE Sheep_and_Goats IN (1, 2, 3, 40, 5) GROUP BY Oxen HAVING MAX(Cows) >= 20 ORDER BY Oxen ASC LIMIT 4 OFFSET 1
SELECT COUNT(DISTINCT(competition_record.Farm_ID)), 66, Oxen FROM competition_record INNER JOIN farm ON farm.Total_Cattle = competition_record.Farm_ID WHERE Sheep_and_Goats IN (1, 2, 3, 40, 5) GROUP BY Oxen HAVING MAX(Total_Cattle) <= 63 ORDER BY Oxen ASC LIMIT 4 OFFSET 3
SELECT COUNT(DISTINCT(Total_Horses)), Rank, Oxen FROM competition_record INNER JOIN farm ON farm.Total_Cattle = competition_record.Farm_ID WHERE Sheep_and_Goats IN (1, 2, 3, 40, 5) GROUP BY Oxen HAVING MAX(Total_Cattle) <= 63 ORDER BY Oxen ASC LIMIT 5 OFFSET 7
SELECT COUNT(DISTINCT(farm.Farm_ID)), 39, Oxen FROM competition_record INNER JOIN farm ON farm.Total_Cattle = competition_record.Farm_ID WHERE Sheep_and_Goats IN (1, 2, 3, 40, 5) GROUP BY Oxen HAVING MAX(Total_Cattle) <= 63 ORDER BY Oxen ASC LIMIT 9 OFFSET 3
SELECT COUNT(DISTINCT(Bulls)), (Bulls * (() - Year * Cows)), Bulls FROM competition_record INNER JOIN farm ON farm.Total_Cattle = competition_record.Farm_ID WHERE Sheep_and_Goats IN (1, 2, 3, 40, 5) GROUP BY Bulls HAVING MAX(Bulls) = 66 ORDER BY Bulls ASC LIMIT 6 OFFSET 4
SELECT COUNT(DISTINCT(competition_record.Farm_ID)), 31, Bulls FROM competition_record INNER JOIN farm ON farm.Total_Cattle = competition_record.Farm_ID WHERE Sheep_and_Goats IN (1, 2, 3, 40, 5) GROUP BY Bulls HAVING MAX(Bulls) = 66 ORDER BY Bulls ASC LIMIT 4 OFFSET 2
SELECT COUNT(DISTINCT(Bulls)), 48, Bulls FROM competition_record INNER JOIN farm ON farm.Total_Cattle = competition_record.Farm_ID WHERE Sheep_and_Goats IN (1, 2, 3, 40, 5) GROUP BY Bulls HAVING MAX(Bulls) = 66 ORDER BY Bulls ASC LIMIT 3 OFFSET 5
SELECT COUNT(DISTINCT(Working_Horses)), 18, Bulls FROM competition_record INNER JOIN farm ON farm.Total_Cattle = competition_record.Farm_ID WHERE Sheep_and_Goats IN (1, 2, 3, 40, 5) GROUP BY Bulls HAVING MAX(farm.Farm_ID) > 92 ORDER BY Bulls ASC LIMIT 7 OFFSET 6
SELECT COUNT(DISTINCT(Rank)), 63, Bulls FROM competition_record INNER JOIN farm ON farm.Total_Cattle = competition_record.Farm_ID WHERE Sheep_and_Goats IN (1, 2, 3, 40, 5) GROUP BY Bulls HAVING MAX(farm.Farm_ID) > 92 ORDER BY Bulls ASC LIMIT 5 OFFSET 6
SELECT COUNT(DISTINCT(Cows)), ABS(POWER(competition_record.Farm_ID,4) / Total_Horses), Bulls FROM competition_record INNER JOIN farm ON farm.Total_Cattle = competition_record.Farm_ID WHERE Sheep_and_Goats IN (1, 2, 3, 40, 5) GROUP BY Bulls HAVING MAX(farm.Farm_ID) > 92 ORDER BY Bulls ASC LIMIT 7 OFFSET 2
SELECT COUNT(DISTINCT(Sheep_and_Goats)), (8 + 72 + Cows), Bulls FROM competition_record INNER JOIN farm ON farm.Total_Cattle = competition_record.Farm_ID WHERE Sheep_and_Goats IN (1, 2, 3, 40, 5) GROUP BY Bulls HAVING MAX(Working_Horses) < 83 ORDER BY Bulls ASC LIMIT 9 OFFSET 2
SELECT COUNT(DISTINCT(Oxen)), 3, Bulls FROM competition_record INNER JOIN farm ON farm.Total_Cattle = competition_record.Farm_ID WHERE Sheep_and_Goats IN (1, 2, 3, 40, 5) GROUP BY Bulls HAVING MAX(Working_Horses) < 83 ORDER BY Bulls ASC LIMIT 5 OFFSET 1
SELECT COUNT(DISTINCT(Total_Horses)), (43 / 13 + 55), Bulls FROM competition_record INNER JOIN farm ON farm.Total_Cattle = competition_record.Farm_ID WHERE Sheep_and_Goats IN (1, 2, 3, 40, 5) GROUP BY Bulls HAVING MAX(Working_Horses) < 83 ORDER BY Bulls ASC LIMIT 2 OFFSET 9
SELECT COUNT(DISTINCT(competition_record.Farm_ID)), 70, Bulls FROM competition_record INNER JOIN farm ON farm.Total_Cattle = competition_record.Farm_ID WHERE Sheep_and_Goats IN (1, 2, 3, 40, 5) GROUP BY Bulls HAVING MAX(Rank) >= 82 ORDER BY Bulls ASC LIMIT 2 OFFSET 2
SELECT COUNT(DISTINCT(Total_Cattle)), 2, Bulls FROM competition_record INNER JOIN farm ON farm.Total_Cattle = competition_record.Farm_ID WHERE Sheep_and_Goats IN (1, 2, 3, 40, 5) GROUP BY Bulls HAVING MAX(Rank) >= 82 ORDER BY Bulls ASC LIMIT 3 OFFSET 3
SELECT COUNT(DISTINCT(Pigs)), (55 + LOG10(Pigs)), Bulls FROM competition_record INNER JOIN farm ON farm.Total_Cattle = competition_record.Farm_ID WHERE Sheep_and_Goats IN (1, 2, 3, 40, 5) GROUP BY Bulls HAVING MAX(Rank) >= 82 ORDER BY Bulls ASC LIMIT 7 OFFSET 9
SELECT COUNT(DISTINCT(Total_Horses)), 90, Bulls FROM competition_record INNER JOIN farm ON farm.Total_Cattle = competition_record.Farm_ID WHERE Sheep_and_Goats IN (1, 2, 3, 40, 5) GROUP BY Bulls HAVING MAX(Competition_ID) <= 48 ORDER BY Bulls ASC LIMIT 4 OFFSET 5
SELECT COUNT(DISTINCT(farm.Farm_ID)), 51, Bulls FROM competition_record INNER JOIN farm ON farm.Total_Cattle = competition_record.Farm_ID WHERE Sheep_and_Goats IN (1, 2, 3, 40, 5) GROUP BY Bulls HAVING MAX(Competition_ID) <= 48 ORDER BY Bulls ASC LIMIT 3 OFFSET 10
SELECT COUNT(DISTINCT(Competition_ID)), 50, Bulls FROM competition_record INNER JOIN farm ON farm.Total_Cattle = competition_record.Farm_ID WHERE Sheep_and_Goats IN (1, 2, 3, 40, 5) GROUP BY Bulls HAVING MAX(Competition_ID) <= 48 ORDER BY Bulls ASC LIMIT 4 OFFSET 1
SELECT COUNT(DISTINCT(Status)), Rank, Official_Name FROM city INNER JOIN competition_record ON competition_record.Competition_ID = city.Census_Ranking WHERE Official_Name IN (orange, banana, apple, pineapple, grape) GROUP BY Official_Name HAVING MAX(Farm_ID) = 90 ORDER BY Official_Name ASC LIMIT 10 OFFSET 5
SELECT COUNT(DISTINCT(Area_km_2)), Farm_ID, Official_Name FROM city INNER JOIN competition_record ON competition_record.Competition_ID = city.Census_Ranking WHERE Official_Name IN (orange, banana, apple, pineapple, grape) GROUP BY Official_Name HAVING MAX(Farm_ID) = 90 ORDER BY Official_Name ASC LIMIT 7 OFFSET 8
SELECT COUNT(DISTINCT(Status)), (87 + (71 * 64 + ROUND(Competition_ID,4))), Official_Name FROM city INNER JOIN competition_record ON competition_record.Competition_ID = city.Census_Ranking WHERE Official_Name IN (orange, banana, apple, pineapple, grape) GROUP BY Official_Name HAVING MAX(Farm_ID) = 90 ORDER BY Official_Name ASC LIMIT 10 OFFSET 9
SELECT COUNT(DISTINCT(Farm_ID)), 24, Official_Name FROM city INNER JOIN competition_record ON competition_record.Competition_ID = city.Census_Ranking WHERE Official_Name IN (orange, banana, apple, pineapple, grape) GROUP BY Official_Name HAVING MAX(Competition_ID) > 60 ORDER BY Official_Name ASC LIMIT 9 OFFSET 1
SELECT COUNT(DISTINCT(Farm_ID)), ROUND(Population,2), Official_Name FROM city INNER JOIN competition_record ON competition_record.Competition_ID = city.Census_Ranking WHERE Official_Name IN (orange, banana, apple, pineapple, grape) GROUP BY Official_Name HAVING MAX(Competition_ID) > 60 ORDER BY Official_Name ASC LIMIT 2 OFFSET 6
SELECT COUNT(DISTINCT(Farm_ID)), (24 / (SQRT() - City_ID - 48) - Farm_ID), Official_Name FROM city INNER JOIN competition_record ON competition_record.Competition_ID = city.Census_Ranking WHERE Official_Name IN (orange, banana, apple, pineapple, grape) GROUP BY Official_Name HAVING MAX(Competition_ID) > 60 ORDER BY Official_Name ASC LIMIT 1 OFFSET 3
SELECT COUNT(DISTINCT(Status)), EXP(City_ID), Official_Name FROM city INNER JOIN competition_record ON competition_record.Competition_ID = city.Census_Ranking WHERE Official_Name IN (orange, banana, apple, pineapple, grape) GROUP BY Official_Name HAVING MAX(City_ID) < 91 ORDER BY Official_Name ASC LIMIT 1 OFFSET 6
SELECT COUNT(DISTINCT(Official_Name)), (SIGN(() * 36) / (() + ()) * Competition_ID), Official_Name FROM city INNER JOIN competition_record ON competition_record.Competition_ID = city.Census_Ranking WHERE Official_Name IN (orange, banana, apple, pineapple, grape) GROUP BY Official_Name HAVING MAX(City_ID) < 91 ORDER BY Official_Name ASC LIMIT 3 OFFSET 7
SELECT COUNT(DISTINCT(Area_km_2)), (Population / (City_ID * ())), Official_Name FROM city INNER JOIN competition_record ON competition_record.Competition_ID = city.Census_Ranking WHERE Official_Name IN (orange, banana, apple, pineapple, grape) GROUP BY Official_Name HAVING MAX(City_ID) < 91 ORDER BY Official_Name ASC LIMIT 9 OFFSET 8
SELECT COUNT(DISTINCT(Population)), ((21 + SIGN()) + Farm_ID * Rank), Official_Name FROM city INNER JOIN competition_record ON competition_record.Competition_ID = city.Census_Ranking WHERE Official_Name IN (orange, banana, apple, pineapple, grape) GROUP BY Official_Name HAVING MAX(Farm_ID) >= 76 ORDER BY Official_Name ASC LIMIT 4 OFFSET 1
SELECT COUNT(DISTINCT(Area_km_2)), LOG(City_ID), Official_Name FROM city INNER JOIN competition_record ON competition_record.Competition_ID = city.Census_Ranking WHERE Official_Name IN (orange, banana, apple, pineapple, grape) GROUP BY Official_Name HAVING MAX(Farm_ID) >= 76 ORDER BY Official_Name ASC LIMIT 8 OFFSET 8
SELECT COUNT(DISTINCT(Status)), ((() * Competition_ID / ()) - 22), Official_Name FROM city INNER JOIN competition_record ON competition_record.Competition_ID = city.Census_Ranking WHERE Official_Name IN (orange, banana, apple, pineapple, grape) GROUP BY Official_Name HAVING MAX(Farm_ID) >= 76 ORDER BY Official_Name ASC LIMIT 1 OFFSET 1
SELECT COUNT(DISTINCT(Population)), Farm_ID, Official_Name FROM city INNER JOIN competition_record ON competition_record.Competition_ID = city.Census_Ranking WHERE Official_Name IN (orange, banana, apple, pineapple, grape) GROUP BY Official_Name HAVING MAX(Competition_ID) <= 2 ORDER BY Official_Name ASC LIMIT 6 OFFSET 6
SELECT COUNT(DISTINCT(City_ID)), Rank, Official_Name FROM city INNER JOIN competition_record ON competition_record.Competition_ID = city.Census_Ranking WHERE Official_Name IN (orange, banana, apple, pineapple, grape) GROUP BY Official_Name HAVING MAX(Competition_ID) <= 2 ORDER BY Official_Name ASC LIMIT 9 OFFSET 3
SELECT COUNT(DISTINCT(Census_Ranking)), CEILING((City_ID * Farm_ID)), Official_Name FROM city INNER JOIN competition_record ON competition_record.Competition_ID = city.Census_Ranking WHERE Official_Name IN (orange, banana, apple, pineapple, grape) GROUP BY Official_Name HAVING MAX(Competition_ID) <= 2 ORDER BY Official_Name ASC LIMIT 1 OFFSET 9
SELECT COUNT(DISTINCT(Farm_ID)), 18, Population FROM city INNER JOIN competition_record ON competition_record.Competition_ID = city.Census_Ranking WHERE Official_Name IN (orange, banana, apple, pineapple, grape) GROUP BY Population HAVING MAX(City_ID) = 97 ORDER BY Population ASC LIMIT 5 OFFSET 3
SELECT COUNT(DISTINCT(Status)), 52, Population FROM city INNER JOIN competition_record ON competition_record.Competition_ID = city.Census_Ranking WHERE Official_Name IN (orange, banana, apple, pineapple, grape) GROUP BY Population HAVING MAX(City_ID) = 97 ORDER BY Population ASC LIMIT 9 OFFSET 6
SELECT COUNT(DISTINCT(Area_km_2)), (LOG(() - 57 / ()) - Competition_ID + City_ID), Population FROM city INNER JOIN competition_record ON competition_record.Competition_ID = city.Census_Ranking WHERE Official_Name IN (orange, banana, apple, pineapple, grape) GROUP BY Population HAVING MAX(City_ID) = 97 ORDER BY Population ASC LIMIT 6 OFFSET 6
SELECT COUNT(DISTINCT(Official_Name)), ((() / 64) * 29), Population FROM city INNER JOIN competition_record ON competition_record.Competition_ID = city.Census_Ranking WHERE Official_Name IN (orange, banana, apple, pineapple, grape) GROUP BY Population HAVING MAX(City_ID) > 99 ORDER BY Population ASC LIMIT 10 OFFSET 10
SELECT COUNT(DISTINCT(Competition_ID)), 21, Population FROM city INNER JOIN competition_record ON competition_record.Competition_ID = city.Census_Ranking WHERE Official_Name IN (orange, banana, apple, pineapple, grape) GROUP BY Population HAVING MAX(City_ID) > 99 ORDER BY Population ASC LIMIT 9 OFFSET 7
SELECT COUNT(DISTINCT(Competition_ID)), 10, Population FROM city INNER JOIN competition_record ON competition_record.Competition_ID = city.Census_Ranking WHERE Official_Name IN (orange, banana, apple, pineapple, grape) GROUP BY Population HAVING MAX(City_ID) > 99 ORDER BY Population ASC LIMIT 2 OFFSET 9
SELECT COUNT(DISTINCT(Status)), ((12 + 81 * ()) * 20), Population FROM city INNER JOIN competition_record ON competition_record.Competition_ID = city.Census_Ranking WHERE Official_Name IN (orange, banana, apple, pineapple, grape) GROUP BY Population HAVING MAX(Competition_ID) < 52 ORDER BY Population ASC LIMIT 4 OFFSET 7
SELECT COUNT(DISTINCT(Farm_ID)), EXP((Area_km_2 * () * SIGN()) / (() / SQRT() / 64)), Population FROM city INNER JOIN competition_record ON competition_record.Competition_ID = city.Census_Ranking WHERE Official_Name IN (orange, banana, apple, pineapple, grape) GROUP BY Population HAVING MAX(Competition_ID) < 52 ORDER BY Population ASC LIMIT 3 OFFSET 9
SELECT COUNT(DISTINCT(Competition_ID)), ((() - Rank + ()) + (RAND() - ())), Population FROM city INNER JOIN competition_record ON competition_record.Competition_ID = city.Census_Ranking WHERE Official_Name IN (orange, banana, apple, pineapple, grape) GROUP BY Population HAVING MAX(Competition_ID) < 52 ORDER BY Population ASC LIMIT 10 OFFSET 7
SELECT COUNT(DISTINCT(Population)), (ABS(() * Rank) / Population), Population FROM city INNER JOIN competition_record ON competition_record.Competition_ID = city.Census_Ranking WHERE Official_Name IN (orange, banana, apple, pineapple, grape) GROUP BY Population HAVING MAX(Competition_ID) >= 29 ORDER BY Population ASC LIMIT 9 OFFSET 5
SELECT COUNT(DISTINCT(Rank)), CEILING(Competition_ID), Population FROM city INNER JOIN competition_record ON competition_record.Competition_ID = city.Census_Ranking WHERE Official_Name IN (orange, banana, apple, pineapple, grape) GROUP BY Population HAVING MAX(Competition_ID) >= 29 ORDER BY Population ASC LIMIT 3 OFFSET 6
SELECT COUNT(DISTINCT(Population)), (49 / (Rank + () / ()) + LOG(())), Population FROM city INNER JOIN competition_record ON competition_record.Competition_ID = city.Census_Ranking WHERE Official_Name IN (orange, banana, apple, pineapple, grape) GROUP BY Population HAVING MAX(Competition_ID) >= 29 ORDER BY Population ASC LIMIT 7 OFFSET 10
SELECT COUNT(DISTINCT(Census_Ranking)), 20, Population FROM city INNER JOIN competition_record ON competition_record.Competition_ID = city.Census_Ranking WHERE Official_Name IN (orange, banana, apple, pineapple, grape) GROUP BY Population HAVING MAX(Rank) <= 53 ORDER BY Population ASC LIMIT 4 OFFSET 5
SELECT COUNT(DISTINCT(Area_km_2)), SIGN(49), Population FROM city INNER JOIN competition_record ON competition_record.Competition_ID = city.Census_Ranking WHERE Official_Name IN (orange, banana, apple, pineapple, grape) GROUP BY Population HAVING MAX(Rank) <= 53 ORDER BY Population ASC LIMIT 9 OFFSET 6
SELECT COUNT(DISTINCT(Farm_ID)), RAND(77 + (FLOOR() * 97 - Competition_ID) / 31), Population FROM city INNER JOIN competition_record ON competition_record.Competition_ID = city.Census_Ranking WHERE Official_Name IN (orange, banana, apple, pineapple, grape) GROUP BY Population HAVING MAX(Rank) <= 53 ORDER BY Population ASC LIMIT 9 OFFSET 8
SELECT COUNT(DISTINCT(Census_Ranking)), 52, Sheep_and_Goats FROM city INNER JOIN farm ON city.City_ID = farm.Working_Horses WHERE Census_Ranking IN (apple, orange, grape, banana, pineapple) GROUP BY Sheep_and_Goats HAVING MAX(Oxen) = 27 ORDER BY Sheep_and_Goats ASC LIMIT 2 OFFSET 1
SELECT COUNT(DISTINCT(Pigs)), ((Total_Cattle + 27) / 68 - LOG(Pigs + 75 / FLOOR())), Sheep_and_Goats FROM city INNER JOIN farm ON city.City_ID = farm.Working_Horses WHERE Census_Ranking IN (apple, orange, grape, banana, pineapple) GROUP BY Sheep_and_Goats HAVING MAX(Oxen) = 27 ORDER BY Sheep_and_Goats ASC LIMIT 7 OFFSET 10
SELECT COUNT(DISTINCT(Bulls)), Sheep_and_Goats, Sheep_and_Goats FROM city INNER JOIN farm ON city.City_ID = farm.Working_Horses WHERE Census_Ranking IN (apple, orange, grape, banana, pineapple) GROUP BY Sheep_and_Goats HAVING MAX(Oxen) = 27 ORDER BY Sheep_and_Goats ASC LIMIT 9 OFFSET 8
SELECT COUNT(DISTINCT(Working_Horses)), 92, Sheep_and_Goats FROM city INNER JOIN farm ON city.City_ID = farm.Working_Horses WHERE Census_Ranking IN (apple, orange, grape, banana, pineapple) GROUP BY Sheep_and_Goats HAVING MAX(Total_Horses) > 5 ORDER BY Sheep_and_Goats ASC LIMIT 9 OFFSET 9
SELECT COUNT(DISTINCT(Pigs)), 75, Sheep_and_Goats FROM city INNER JOIN farm ON city.City_ID = farm.Working_Horses WHERE Census_Ranking IN (apple, orange, grape, banana, pineapple) GROUP BY Sheep_and_Goats HAVING MAX(Total_Horses) > 5 ORDER BY Sheep_and_Goats ASC LIMIT 8 OFFSET 1
SELECT COUNT(DISTINCT(Total_Cattle)), Farm_ID, Sheep_and_Goats FROM city INNER JOIN farm ON city.City_ID = farm.Working_Horses WHERE Census_Ranking IN (apple, orange, grape, banana, pineapple) GROUP BY Sheep_and_Goats HAVING MAX(Total_Horses) > 5 ORDER BY Sheep_and_Goats ASC LIMIT 10 OFFSET 8
SELECT COUNT(DISTINCT(Cows)), Year, Sheep_and_Goats FROM city INNER JOIN farm ON city.City_ID = farm.Working_Horses WHERE Census_Ranking IN (apple, orange, grape, banana, pineapple) GROUP BY Sheep_and_Goats HAVING MAX(Cows) < 9 ORDER BY Sheep_and_Goats ASC LIMIT 5 OFFSET 2
SELECT COUNT(DISTINCT(City_ID)), (Farm_ID * (EXP(Working_Horses) - 82) * (10 / 89 + 74)), Sheep_and_Goats FROM city INNER JOIN farm ON city.City_ID = farm.Working_Horses WHERE Census_Ranking IN (apple, orange, grape, banana, pineapple) GROUP BY Sheep_and_Goats HAVING MAX(Cows) < 9 ORDER BY Sheep_and_Goats ASC LIMIT 8 OFFSET 2
SELECT COUNT(DISTINCT(City_ID)), Area_km_2, Sheep_and_Goats FROM city INNER JOIN farm ON city.City_ID = farm.Working_Horses WHERE Census_Ranking IN (apple, orange, grape, banana, pineapple) GROUP BY Sheep_and_Goats HAVING MAX(Cows) < 9 ORDER BY Sheep_and_Goats ASC LIMIT 3 OFFSET 5
SELECT COUNT(DISTINCT(Farm_ID)), Sheep_and_Goats, Sheep_and_Goats FROM city INNER JOIN farm ON city.City_ID = farm.Working_Horses WHERE Census_Ranking IN (apple, orange, grape, banana, pineapple) GROUP BY Sheep_and_Goats HAVING MAX(Population) >= 24 ORDER BY Sheep_and_Goats ASC LIMIT 5 OFFSET 6
SELECT COUNT(DISTINCT(Total_Horses)), ((() * () * City_ID) - Area_km_2 * 51), Sheep_and_Goats FROM city INNER JOIN farm ON city.City_ID = farm.Working_Horses WHERE Census_Ranking IN (apple, orange, grape, banana, pineapple) GROUP BY Sheep_and_Goats HAVING MAX(Population) >= 24 ORDER BY Sheep_and_Goats ASC LIMIT 3 OFFSET 8
SELECT COUNT(DISTINCT(Official_Name)), Total_Cattle, Sheep_and_Goats FROM city INNER JOIN farm ON city.City_ID = farm.Working_Horses WHERE Census_Ranking IN (apple, orange, grape, banana, pineapple) GROUP BY Sheep_and_Goats HAVING MAX(Population) >= 24 ORDER BY Sheep_and_Goats ASC LIMIT 7 OFFSET 9
SELECT COUNT(DISTINCT(Population)), (LOG10(Area_km_2) / EXP(92)), Sheep_and_Goats FROM city INNER JOIN farm ON city.City_ID = farm.Working_Horses WHERE Census_Ranking IN (apple, orange, grape, banana, pineapple) GROUP BY Sheep_and_Goats HAVING MAX(Oxen) <= 41 ORDER BY Sheep_and_Goats ASC LIMIT 2 OFFSET 5
SELECT COUNT(DISTINCT(Farm_ID)), ABS(City_ID), Sheep_and_Goats FROM city INNER JOIN farm ON city.City_ID = farm.Working_Horses WHERE Census_Ranking IN (apple, orange, grape, banana, pineapple) GROUP BY Sheep_and_Goats HAVING MAX(Oxen) <= 41 ORDER BY Sheep_and_Goats ASC LIMIT 5 OFFSET 6
SELECT COUNT(DISTINCT(Bulls)), Total_Horses, Sheep_and_Goats FROM city INNER JOIN farm ON city.City_ID = farm.Working_Horses WHERE Census_Ranking IN (apple, orange, grape, banana, pineapple) GROUP BY Sheep_and_Goats HAVING MAX(Oxen) <= 41 ORDER BY Sheep_and_Goats ASC LIMIT 1 OFFSET 4
SELECT COUNT(DISTINCT(Cows)), (73 + (81 - POWER(Working_Horses,5))), Area_km_2 FROM city INNER JOIN farm ON city.City_ID = farm.Working_Horses WHERE Census_Ranking IN (apple, orange, grape, banana, pineapple) GROUP BY Area_km_2 HAVING MAX(Population) = 6 ORDER BY Area_km_2 ASC LIMIT 10 OFFSET 7
SELECT COUNT(DISTINCT(Oxen)), 66, Area_km_2 FROM city INNER JOIN farm ON city.City_ID = farm.Working_Horses WHERE Census_Ranking IN (apple, orange, grape, banana, pineapple) GROUP BY Area_km_2 HAVING MAX(Population) = 6 ORDER BY Area_km_2 ASC LIMIT 10 OFFSET 3
SELECT COUNT(DISTINCT(Census_Ranking)), CEILING(Population), Area_km_2 FROM city INNER JOIN farm ON city.City_ID = farm.Working_Horses WHERE Census_Ranking IN (apple, orange, grape, banana, pineapple) GROUP BY Area_km_2 HAVING MAX(Population) = 6 ORDER BY Area_km_2 ASC LIMIT 2 OFFSET 5
SELECT COUNT(DISTINCT(Census_Ranking)), Total_Cattle, Area_km_2 FROM city INNER JOIN farm ON city.City_ID = farm.Working_Horses WHERE Census_Ranking IN (apple, orange, grape, banana, pineapple) GROUP BY Area_km_2 HAVING MAX(Cows) > 81 ORDER BY Area_km_2 ASC LIMIT 5 OFFSET 4
SELECT COUNT(DISTINCT(Bulls)), ((48 - EXP(Sheep_and_Goats)) * (() * 90 + 97) / 75), Area_km_2 FROM city INNER JOIN farm ON city.City_ID = farm.Working_Horses WHERE Census_Ranking IN (apple, orange, grape, banana, pineapple) GROUP BY Area_km_2 HAVING MAX(Cows) > 81 ORDER BY Area_km_2 ASC LIMIT 8 OFFSET 5
SELECT COUNT(DISTINCT(Cows)), (LOG10(LOG(Total_Cattle) + ()) / 46 * Area_km_2), Area_km_2 FROM city INNER JOIN farm ON city.City_ID = farm.Working_Horses WHERE Census_Ranking IN (apple, orange, grape, banana, pineapple) GROUP BY Area_km_2 HAVING MAX(Cows) > 81 ORDER BY Area_km_2 ASC LIMIT 5 OFFSET 8
SELECT COUNT(DISTINCT(Official_Name)), SQRT(Sheep_and_Goats), Area_km_2 FROM city INNER JOIN farm ON city.City_ID = farm.Working_Horses WHERE Census_Ranking IN (apple, orange, grape, banana, pineapple) GROUP BY Area_km_2 HAVING MAX(City_ID) < 53 ORDER BY Area_km_2 ASC LIMIT 3 OFFSET 3
SELECT COUNT(DISTINCT(Year)), (34 * (78 + 52)), Area_km_2 FROM city INNER JOIN farm ON city.City_ID = farm.Working_Horses WHERE Census_Ranking IN (apple, orange, grape, banana, pineapple) GROUP BY Area_km_2 HAVING MAX(City_ID) < 53 ORDER BY Area_km_2 ASC LIMIT 2 OFFSET 3
SELECT COUNT(DISTINCT(Population)), (Year * 17), Area_km_2 FROM city INNER JOIN farm ON city.City_ID = farm.Working_Horses WHERE Census_Ranking IN (apple, orange, grape, banana, pineapple) GROUP BY Area_km_2 HAVING MAX(City_ID) < 53 ORDER BY Area_km_2 ASC LIMIT 9 OFFSET 1
SELECT COUNT(DISTINCT(Population)), 21, Area_km_2 FROM city INNER JOIN farm ON city.City_ID = farm.Working_Horses WHERE Census_Ranking IN (apple, orange, grape, banana, pineapple) GROUP BY Area_km_2 HAVING MAX(Pigs) >= 63 ORDER BY Area_km_2 ASC LIMIT 8 OFFSET 5
SELECT COUNT(DISTINCT(Area_km_2)), RAND(Year), Area_km_2 FROM city INNER JOIN farm ON city.City_ID = farm.Working_Horses WHERE Census_Ranking IN (apple, orange, grape, banana, pineapple) GROUP BY Area_km_2 HAVING MAX(Pigs) >= 63 ORDER BY Area_km_2 ASC LIMIT 6 OFFSET 4
SELECT COUNT(DISTINCT(Pigs)), 57, Area_km_2 FROM city INNER JOIN farm ON city.City_ID = farm.Working_Horses WHERE Census_Ranking IN (apple, orange, grape, banana, pineapple) GROUP BY Area_km_2 HAVING MAX(Pigs) >= 63 ORDER BY Area_km_2 ASC LIMIT 3 OFFSET 5
SELECT COUNT(DISTINCT(Oxen)), (50 / 99), Area_km_2 FROM city INNER JOIN farm ON city.City_ID = farm.Working_Horses WHERE Census_Ranking IN (apple, orange, grape, banana, pineapple) GROUP BY Area_km_2 HAVING MAX(Bulls) <= 63 ORDER BY Area_km_2 ASC LIMIT 1 OFFSET 10
SELECT COUNT(DISTINCT(Bulls)), (66 - (52 - City_ID / ()) + (Total_Cattle / () / ())), Area_km_2 FROM city INNER JOIN farm ON city.City_ID = farm.Working_Horses WHERE Census_Ranking IN (apple, orange, grape, banana, pineapple) GROUP BY Area_km_2 HAVING MAX(Bulls) <= 63 ORDER BY Area_km_2 ASC LIMIT 1 OFFSET 8
SELECT COUNT(DISTINCT(Total_Cattle)), Sheep_and_Goats, Area_km_2 FROM city INNER JOIN farm ON city.City_ID = farm.Working_Horses WHERE Census_Ranking IN (apple, orange, grape, banana, pineapple) GROUP BY Area_km_2 HAVING MAX(Bulls) <= 63 ORDER BY Area_km_2 ASC LIMIT 2 OFFSET 4
SELECT COUNT(DISTINCT(Pigs)), LOG10(Host_city_ID), farm_competition.Year FROM farm_competition INNER JOIN farm ON farm_competition.Hosts = farm.Total_Cattle WHERE Theme IN (banana, pineapple, grape, orange, apple) GROUP BY farm_competition.Year HAVING MAX(Total_Horses) = 34 ORDER BY farm_competition.Year ASC LIMIT 2 OFFSET 2
SELECT COUNT(DISTINCT(Host_city_ID)), Oxen, farm_competition.Year FROM farm_competition INNER JOIN farm ON farm_competition.Hosts = farm.Total_Cattle WHERE Theme IN (banana, pineapple, grape, orange, apple) GROUP BY farm_competition.Year HAVING MAX(Total_Horses) = 34 ORDER BY farm_competition.Year ASC LIMIT 4 OFFSET 3
SELECT COUNT(DISTINCT(Farm_ID)), (Sheep_and_Goats + (Cows * ())), farm_competition.Year FROM farm_competition INNER JOIN farm ON farm_competition.Hosts = farm.Total_Cattle WHERE Theme IN (banana, pineapple, grape, orange, apple) GROUP BY farm_competition.Year HAVING MAX(Total_Horses) = 34 ORDER BY farm_competition.Year ASC LIMIT 6 OFFSET 10
SELECT COUNT(DISTINCT(Sheep_and_Goats)), SQRT(88 * (CEILING() - ABS(Pigs)) * LOG10(Oxen)), farm_competition.Year FROM farm_competition INNER JOIN farm ON farm_competition.Hosts = farm.Total_Cattle WHERE Theme IN (banana, pineapple, grape, orange, apple) GROUP BY farm_competition.Year HAVING MAX(Host_city_ID) > 8 ORDER BY farm_competition.Year ASC LIMIT 8 OFFSET 7
SELECT COUNT(DISTINCT(Competition_ID)), (76 * 39), farm_competition.Year FROM farm_competition INNER JOIN farm ON farm_competition.Hosts = farm.Total_Cattle WHERE Theme IN (banana, pineapple, grape, orange, apple) GROUP BY farm_competition.Year HAVING MAX(Host_city_ID) > 8 ORDER BY farm_competition.Year ASC LIMIT 5 OFFSET 4
SELECT COUNT(DISTINCT(Total_Horses)), ((() / 37 * 83) - FLOOR(Competition_ID) - 26), farm_competition.Year FROM farm_competition INNER JOIN farm ON farm_competition.Hosts = farm.Total_Cattle WHERE Theme IN (banana, pineapple, grape, orange, apple) GROUP BY farm_competition.Year HAVING MAX(Host_city_ID) > 8 ORDER BY farm_competition.Year ASC LIMIT 9 OFFSET 2
SELECT COUNT(DISTINCT(Sheep_and_Goats)), ((CEILING() + 17 + 53) / (Pigs * 3 / Sheep_and_Goats) * (() * farm_competition.Year / ROUND(Working_Horses,2))), farm_competition.Year FROM farm_competition INNER JOIN farm ON farm_competition.Hosts = farm.Total_Cattle WHERE Theme IN (banana, pineapple, grape, orange, apple) GROUP BY farm_competition.Year HAVING MAX(Oxen) < 7 ORDER BY farm_competition.Year ASC LIMIT 5 OFFSET 5
SELECT COUNT(DISTINCT(Farm_ID)), ROUND(Total_Horses,4), farm_competition.Year FROM farm_competition INNER JOIN farm ON farm_competition.Hosts = farm.Total_Cattle WHERE Theme IN (banana, pineapple, grape, orange, apple) GROUP BY farm_competition.Year HAVING MAX(Oxen) < 7 ORDER BY farm_competition.Year ASC LIMIT 7 OFFSET 7
SELECT COUNT(DISTINCT(Hosts)), (70 + RAND(25)), farm_competition.Year FROM farm_competition INNER JOIN farm ON farm_competition.Hosts = farm.Total_Cattle WHERE Theme IN (banana, pineapple, grape, orange, apple) GROUP BY farm_competition.Year HAVING MAX(Oxen) < 7 ORDER BY farm_competition.Year ASC LIMIT 2 OFFSET 2
SELECT COUNT(DISTINCT(Farm_ID)), (67 * (Pigs / SIGN()) * 76), farm_competition.Year FROM farm_competition INNER JOIN farm ON farm_competition.Hosts = farm.Total_Cattle WHERE Theme IN (banana, pineapple, grape, orange, apple) GROUP BY farm_competition.Year HAVING MAX(Cows) >= 14 ORDER BY farm_competition.Year ASC LIMIT 9 OFFSET 6
SELECT COUNT(DISTINCT(Oxen)), (7 + (29 * () * Bulls) - Sheep_and_Goats), farm_competition.Year FROM farm_competition INNER JOIN farm ON farm_competition.Hosts = farm.Total_Cattle WHERE Theme IN (banana, pineapple, grape, orange, apple) GROUP BY farm_competition.Year HAVING MAX(Cows) >= 14 ORDER BY farm_competition.Year ASC LIMIT 2 OFFSET 4
SELECT COUNT(DISTINCT(Pigs)), 65, farm_competition.Year FROM farm_competition INNER JOIN farm ON farm_competition.Hosts = farm.Total_Cattle WHERE Theme IN (banana, pineapple, grape, orange, apple) GROUP BY farm_competition.Year HAVING MAX(Cows) >= 14 ORDER BY farm_competition.Year ASC LIMIT 4 OFFSET 6
SELECT COUNT(DISTINCT(farm.Year)), (ROUND(farm.Year,3) * (43 + () * Oxen)), farm_competition.Year FROM farm_competition INNER JOIN farm ON farm_competition.Hosts = farm.Total_Cattle WHERE Theme IN (banana, pineapple, grape, orange, apple) GROUP BY farm_competition.Year HAVING MAX(Bulls) <= 22 ORDER BY farm_competition.Year ASC LIMIT 10 OFFSET 2
SELECT COUNT(DISTINCT(Hosts)), (SQRT(()) / 86), farm_competition.Year FROM farm_competition INNER JOIN farm ON farm_competition.Hosts = farm.Total_Cattle WHERE Theme IN (banana, pineapple, grape, orange, apple) GROUP BY farm_competition.Year HAVING MAX(Bulls) <= 22 ORDER BY farm_competition.Year ASC LIMIT 10 OFFSET 5
SELECT COUNT(DISTINCT(farm.Year)), (8 / 91), farm_competition.Year FROM farm_competition INNER JOIN farm ON farm_competition.Hosts = farm.Total_Cattle WHERE Theme IN (banana, pineapple, grape, orange, apple) GROUP BY farm_competition.Year HAVING MAX(Bulls) <= 22 ORDER BY farm_competition.Year ASC LIMIT 8 OFFSET 8
SELECT COUNT(DISTINCT(Theme)), 52, Working_Horses FROM farm_competition INNER JOIN farm ON farm_competition.Hosts = farm.Total_Cattle WHERE Theme IN (banana, pineapple, grape, orange, apple) GROUP BY Working_Horses HAVING MAX(farm.Year) = 29 ORDER BY Working_Horses ASC LIMIT 6 OFFSET 10
SELECT COUNT(DISTINCT(Total_Cattle)), (Pigs - 56 * (36 * Oxen * ())), Working_Horses FROM farm_competition INNER JOIN farm ON farm_competition.Hosts = farm.Total_Cattle WHERE Theme IN (banana, pineapple, grape, orange, apple) GROUP BY Working_Horses HAVING MAX(farm.Year) = 29 ORDER BY Working_Horses ASC LIMIT 8 OFFSET 8
SELECT COUNT(DISTINCT(Total_Cattle)), Host_city_ID, Working_Horses FROM farm_competition INNER JOIN farm ON farm_competition.Hosts = farm.Total_Cattle WHERE Theme IN (banana, pineapple, grape, orange, apple) GROUP BY Working_Horses HAVING MAX(farm.Year) = 29 ORDER BY Working_Horses ASC LIMIT 4 OFFSET 10
SELECT COUNT(DISTINCT(Cows)), (Cows * Bulls), Working_Horses FROM farm_competition INNER JOIN farm ON farm_competition.Hosts = farm.Total_Cattle WHERE Theme IN (banana, pineapple, grape, orange, apple) GROUP BY Working_Horses HAVING MAX(farm.Year) > 55 ORDER BY Working_Horses ASC LIMIT 4 OFFSET 9
SELECT COUNT(DISTINCT(Hosts)), (Cows - (() - farm_competition.Year + ()) + 99), Working_Horses FROM farm_competition INNER JOIN farm ON farm_competition.Hosts = farm.Total_Cattle WHERE Theme IN (banana, pineapple, grape, orange, apple) GROUP BY Working_Horses HAVING MAX(farm.Year) > 55 ORDER BY Working_Horses ASC LIMIT 3 OFFSET 10
SELECT COUNT(DISTINCT(Total_Horses)), SIGN(ABS(EXP(Host_city_ID) / ()) / Pigs / 56), Working_Horses FROM farm_competition INNER JOIN farm ON farm_competition.Hosts = farm.Total_Cattle WHERE Theme IN (banana, pineapple, grape, orange, apple) GROUP BY Working_Horses HAVING MAX(farm.Year) > 55 ORDER BY Working_Horses ASC LIMIT 2 OFFSET 7
SELECT COUNT(DISTINCT(Oxen)), ((40 / () * ()) / 83 + 48), Working_Horses FROM farm_competition INNER JOIN farm ON farm_competition.Hosts = farm.Total_Cattle WHERE Theme IN (banana, pineapple, grape, orange, apple) GROUP BY Working_Horses HAVING MAX(farm_competition.Year) < 69 ORDER BY Working_Horses ASC LIMIT 5 OFFSET 5
SELECT COUNT(DISTINCT(Farm_ID)), ROUND((() + Pigs) + (ABS() * () + FLOOR()),2), Working_Horses FROM farm_competition INNER JOIN farm ON farm_competition.Hosts = farm.Total_Cattle WHERE Theme IN (banana, pineapple, grape, orange, apple) GROUP BY Working_Horses HAVING MAX(farm_competition.Year) < 69 ORDER BY Working_Horses ASC LIMIT 5 OFFSET 3
SELECT COUNT(DISTINCT(Theme)), (10 * Host_city_ID / farm.Year), Working_Horses FROM farm_competition INNER JOIN farm ON farm_competition.Hosts = farm.Total_Cattle WHERE Theme IN (banana, pineapple, grape, orange, apple) GROUP BY Working_Horses HAVING MAX(farm_competition.Year) < 69 ORDER BY Working_Horses ASC LIMIT 2 OFFSET 1
SELECT COUNT(DISTINCT(Sheep_and_Goats)), 49, Working_Horses FROM farm_competition INNER JOIN farm ON farm_competition.Hosts = farm.Total_Cattle WHERE Theme IN (banana, pineapple, grape, orange, apple) GROUP BY Working_Horses HAVING MAX(farm.Year) >= 38 ORDER BY Working_Horses ASC LIMIT 9 OFFSET 5
SELECT COUNT(DISTINCT(Total_Cattle)), (EXP(()) + LOG10(Sheep_and_Goats) - CEILING(Host_city_ID)), Working_Horses FROM farm_competition INNER JOIN farm ON farm_competition.Hosts = farm.Total_Cattle WHERE Theme IN (banana, pineapple, grape, orange, apple) GROUP BY Working_Horses HAVING MAX(farm.Year) >= 38 ORDER BY Working_Horses ASC LIMIT 8 OFFSET 4
SELECT COUNT(DISTINCT(Total_Horses)), ((() / SIGN(farm.Year) / ()) / 89 - ROUND(28 / () - farm_competition.Year,4)), Working_Horses FROM farm_competition INNER JOIN farm ON farm_competition.Hosts = farm.Total_Cattle WHERE Theme IN (banana, pineapple, grape, orange, apple) GROUP BY Working_Horses HAVING MAX(farm.Year) >= 38 ORDER BY Working_Horses ASC LIMIT 3 OFFSET 8
SELECT COUNT(DISTINCT(Competition_ID)), 100, Working_Horses FROM farm_competition INNER JOIN farm ON farm_competition.Hosts = farm.Total_Cattle WHERE Theme IN (banana, pineapple, grape, orange, apple) GROUP BY Working_Horses HAVING MAX(Total_Cattle) <= 75 ORDER BY Working_Horses ASC LIMIT 10 OFFSET 10
SELECT COUNT(DISTINCT(farm_competition.Year)), Sheep_and_Goats, Working_Horses FROM farm_competition INNER JOIN farm ON farm_competition.Hosts = farm.Total_Cattle WHERE Theme IN (banana, pineapple, grape, orange, apple) GROUP BY Working_Horses HAVING MAX(Total_Cattle) <= 75 ORDER BY Working_Horses ASC LIMIT 7 OFFSET 6
SELECT COUNT(DISTINCT(Bulls)), (EXP(Competition_ID) + (Bulls * ())), Working_Horses FROM farm_competition INNER JOIN farm ON farm_competition.Hosts = farm.Total_Cattle WHERE Theme IN (banana, pineapple, grape, orange, apple) GROUP BY Working_Horses HAVING MAX(Total_Cattle) <= 75 ORDER BY Working_Horses ASC LIMIT 6 OFFSET 1
SELECT COUNT(DISTINCT(Year)), (Area_km_2 - (ROUND(,3) + 14) + 69), Official_Name FROM city INNER JOIN farm_competitioncompetition_record ON farm_competition.Host_city_ID = city.City_ID AND farm_competition.Competition_ID = competition_record.Competition_ID WHERE Status IN (grape, pineapple, orange, apple, banana) GROUP BY Official_Name HAVING MAX(Year) = 38 ORDER BY Official_Name ASC LIMIT 9 OFFSET 7
SELECT COUNT(DISTINCT(Year)), CEILING(SIGN(() / ABS(Farm_ID))), Official_Name FROM city INNER JOIN farm_competitioncompetition_record ON farm_competition.Host_city_ID = city.City_ID AND farm_competition.Competition_ID = competition_record.Competition_ID WHERE Status IN (grape, pineapple, orange, apple, banana) GROUP BY Official_Name HAVING MAX(Year) = 38 ORDER BY Official_Name ASC LIMIT 6 OFFSET 7
SELECT COUNT(DISTINCT(Official_Name)), LOG(66 * (City_ID + CEILING(farm_competition.Competition_ID)) * Rank), Official_Name FROM city INNER JOIN farm_competitioncompetition_record ON farm_competition.Host_city_ID = city.City_ID AND farm_competition.Competition_ID = competition_record.Competition_ID WHERE Status IN (grape, pineapple, orange, apple, banana) GROUP BY Official_Name HAVING MAX(Year) = 38 ORDER BY Official_Name ASC LIMIT 10 OFFSET 6
SELECT COUNT(DISTINCT(competition_record.Competition_ID)), Area_km_2, Official_Name FROM city INNER JOIN farm_competitioncompetition_record ON farm_competition.Host_city_ID = city.City_ID AND farm_competition.Competition_ID = competition_record.Competition_ID WHERE Status IN (grape, pineapple, orange, apple, banana) GROUP BY Official_Name HAVING MAX(competition_record.Competition_ID) > 70 ORDER BY Official_Name ASC LIMIT 2 OFFSET 9
SELECT COUNT(DISTINCT(Hosts)), (competition_record.Competition_ID * 45), Official_Name FROM city INNER JOIN farm_competitioncompetition_record ON farm_competition.Host_city_ID = city.City_ID AND farm_competition.Competition_ID = competition_record.Competition_ID WHERE Status IN (grape, pineapple, orange, apple, banana) GROUP BY Official_Name HAVING MAX(competition_record.Competition_ID) > 70 ORDER BY Official_Name ASC LIMIT 7 OFFSET 8
SELECT COUNT(DISTINCT(Host_city_ID)), Area_km_2, Official_Name FROM city INNER JOIN farm_competitioncompetition_record ON farm_competition.Host_city_ID = city.City_ID AND farm_competition.Competition_ID = competition_record.Competition_ID WHERE Status IN (grape, pineapple, orange, apple, banana) GROUP BY Official_Name HAVING MAX(competition_record.Competition_ID) > 70 ORDER BY Official_Name ASC LIMIT 3 OFFSET 1
SELECT COUNT(DISTINCT(Theme)), SQRT(Area_km_2), Official_Name FROM city INNER JOIN farm_competitioncompetition_record ON farm_competition.Host_city_ID = city.City_ID AND farm_competition.Competition_ID = competition_record.Competition_ID WHERE Status IN (grape, pineapple, orange, apple, banana) GROUP BY Official_Name HAVING MAX(Rank) < 45 ORDER BY Official_Name ASC LIMIT 2 OFFSET 8
SELECT COUNT(DISTINCT(Farm_ID)), (65 + competition_record.Competition_ID), Official_Name FROM city INNER JOIN farm_competitioncompetition_record ON farm_competition.Host_city_ID = city.City_ID AND farm_competition.Competition_ID = competition_record.Competition_ID WHERE Status IN (grape, pineapple, orange, apple, banana) GROUP BY Official_Name HAVING MAX(Rank) < 45 ORDER BY Official_Name ASC LIMIT 9 OFFSET 10
SELECT COUNT(DISTINCT(Rank)), (35 - (SIGN() + ())), Official_Name FROM city INNER JOIN farm_competitioncompetition_record ON farm_competition.Host_city_ID = city.City_ID AND farm_competition.Competition_ID = competition_record.Competition_ID WHERE Status IN (grape, pineapple, orange, apple, banana) GROUP BY Official_Name HAVING MAX(Rank) < 45 ORDER BY Official_Name ASC LIMIT 7 OFFSET 9
SELECT COUNT(DISTINCT(Year)), ((ROUND(competition_record.Competition_ID,5) - ()) / 31 - EXP(farm_competition.Competition_ID)), Official_Name FROM city INNER JOIN farm_competitioncompetition_record ON farm_competition.Host_city_ID = city.City_ID AND farm_competition.Competition_ID = competition_record.Competition_ID WHERE Status IN (grape, pineapple, orange, apple, banana) GROUP BY Official_Name HAVING MAX(Host_city_ID) >= 17 ORDER BY Official_Name ASC LIMIT 2 OFFSET 5
SELECT COUNT(DISTINCT(Host_city_ID)), Rank, Official_Name FROM city INNER JOIN farm_competitioncompetition_record ON farm_competition.Host_city_ID = city.City_ID AND farm_competition.Competition_ID = competition_record.Competition_ID WHERE Status IN (grape, pineapple, orange, apple, banana) GROUP BY Official_Name HAVING MAX(Host_city_ID) >= 17 ORDER BY Official_Name ASC LIMIT 9 OFFSET 6
SELECT COUNT(DISTINCT(farm_competition.Competition_ID)), 5, Official_Name FROM city INNER JOIN farm_competitioncompetition_record ON farm_competition.Host_city_ID = city.City_ID AND farm_competition.Competition_ID = competition_record.Competition_ID WHERE Status IN (grape, pineapple, orange, apple, banana) GROUP BY Official_Name HAVING MAX(Host_city_ID) >= 17 ORDER BY Official_Name ASC LIMIT 9 OFFSET 9
SELECT COUNT(DISTINCT(Rank)), ((RAND(Rank) - POWER(,4) + ()) * 80 + (() - 48)), Official_Name FROM city INNER JOIN farm_competitioncompetition_record ON farm_competition.Host_city_ID = city.City_ID AND farm_competition.Competition_ID = competition_record.Competition_ID WHERE Status IN (grape, pineapple, orange, apple, banana) GROUP BY Official_Name HAVING MAX(competition_record.Competition_ID) <= 8 ORDER BY Official_Name ASC LIMIT 8 OFFSET 10
SELECT COUNT(DISTINCT(Year)), Host_city_ID, Official_Name FROM city INNER JOIN farm_competitioncompetition_record ON farm_competition.Host_city_ID = city.City_ID AND farm_competition.Competition_ID = competition_record.Competition_ID WHERE Status IN (grape, pineapple, orange, apple, banana) GROUP BY Official_Name HAVING MAX(competition_record.Competition_ID) <= 8 ORDER BY Official_Name ASC LIMIT 3 OFFSET 2
SELECT COUNT(DISTINCT(Population)), SQRT((competition_record.Competition_ID - City_ID / 64) + 45), Official_Name FROM city INNER JOIN farm_competitioncompetition_record ON farm_competition.Host_city_ID = city.City_ID AND farm_competition.Competition_ID = competition_record.Competition_ID WHERE Status IN (grape, pineapple, orange, apple, banana) GROUP BY Official_Name HAVING MAX(competition_record.Competition_ID) <= 8 ORDER BY Official_Name ASC LIMIT 10 OFFSET 2
SELECT COUNT(DISTINCT(farm_competition.Competition_ID)), ABS((() + Area_km_2) * FLOOR(Rank) / 25), Area_km_2 FROM city INNER JOIN farm_competitioncompetition_record ON farm_competition.Host_city_ID = city.City_ID AND farm_competition.Competition_ID = competition_record.Competition_ID WHERE Status IN (grape, pineapple, orange, apple, banana) GROUP BY Area_km_2 HAVING MAX(Area_km_2) = 32 ORDER BY Area_km_2 ASC LIMIT 8 OFFSET 6
SELECT COUNT(DISTINCT(Rank)), 56, Area_km_2 FROM city INNER JOIN farm_competitioncompetition_record ON farm_competition.Host_city_ID = city.City_ID AND farm_competition.Competition_ID = competition_record.Competition_ID WHERE Status IN (grape, pineapple, orange, apple, banana) GROUP BY Area_km_2 HAVING MAX(Area_km_2) = 32 ORDER BY Area_km_2 ASC LIMIT 3 OFFSET 5
SELECT COUNT(DISTINCT(competition_record.Competition_ID)), (2 + 87 * RAND(Host_city_ID + POWER(Farm_ID,4))), Area_km_2 FROM city INNER JOIN farm_competitioncompetition_record ON farm_competition.Host_city_ID = city.City_ID AND farm_competition.Competition_ID = competition_record.Competition_ID WHERE Status IN (grape, pineapple, orange, apple, banana) GROUP BY Area_km_2 HAVING MAX(Area_km_2) = 32 ORDER BY Area_km_2 ASC LIMIT 2 OFFSET 9
SELECT COUNT(DISTINCT(Population)), 11, Area_km_2 FROM city INNER JOIN farm_competitioncompetition_record ON farm_competition.Host_city_ID = city.City_ID AND farm_competition.Competition_ID = competition_record.Competition_ID WHERE Status IN (grape, pineapple, orange, apple, banana) GROUP BY Area_km_2 HAVING MAX(farm_competition.Competition_ID) > 100 ORDER BY Area_km_2 ASC LIMIT 9 OFFSET 7
SELECT COUNT(DISTINCT(Census_Ranking)), ((LOG() + RAND(farm_competition.Competition_ID) / POWER(,4)) - (43 / LOG(Host_city_ID) - SIGN(Rank))), Area_km_2 FROM city INNER JOIN farm_competitioncompetition_record ON farm_competition.Host_city_ID = city.City_ID AND farm_competition.Competition_ID = competition_record.Competition_ID WHERE Status IN (grape, pineapple, orange, apple, banana) GROUP BY Area_km_2 HAVING MAX(farm_competition.Competition_ID) > 100 ORDER BY Area_km_2 ASC LIMIT 8 OFFSET 2
SELECT COUNT(DISTINCT(Farm_ID)), ((ABS() + 74) * FLOOR(competition_record.Competition_ID) - SQRT(City_ID)), Area_km_2 FROM city INNER JOIN farm_competitioncompetition_record ON farm_competition.Host_city_ID = city.City_ID AND farm_competition.Competition_ID = competition_record.Competition_ID WHERE Status IN (grape, pineapple, orange, apple, banana) GROUP BY Area_km_2 HAVING MAX(farm_competition.Competition_ID) > 100 ORDER BY Area_km_2 ASC LIMIT 2 OFFSET 6
SELECT COUNT(DISTINCT(Host_city_ID)), EXP((() / ROUND(Year,3)) * 15 - Population), Area_km_2 FROM city INNER JOIN farm_competitioncompetition_record ON farm_competition.Host_city_ID = city.City_ID AND farm_competition.Competition_ID = competition_record.Competition_ID WHERE Status IN (grape, pineapple, orange, apple, banana) GROUP BY Area_km_2 HAVING MAX(Year) < 39 ORDER BY Area_km_2 ASC LIMIT 6 OFFSET 3
SELECT COUNT(DISTINCT(competition_record.Competition_ID)), 21, Area_km_2 FROM city INNER JOIN farm_competitioncompetition_record ON farm_competition.Host_city_ID = city.City_ID AND farm_competition.Competition_ID = competition_record.Competition_ID WHERE Status IN (grape, pineapple, orange, apple, banana) GROUP BY Area_km_2 HAVING MAX(Year) < 39 ORDER BY Area_km_2 ASC LIMIT 9 OFFSET 10
SELECT COUNT(DISTINCT(Rank)), 59, Area_km_2 FROM city INNER JOIN farm_competitioncompetition_record ON farm_competition.Host_city_ID = city.City_ID AND farm_competition.Competition_ID = competition_record.Competition_ID WHERE Status IN (grape, pineapple, orange, apple, banana) GROUP BY Area_km_2 HAVING MAX(Year) < 39 ORDER BY Area_km_2 ASC LIMIT 4 OFFSET 9
SELECT COUNT(DISTINCT(Official_Name)), competition_record.Competition_ID, Area_km_2 FROM city INNER JOIN farm_competitioncompetition_record ON farm_competition.Host_city_ID = city.City_ID AND farm_competition.Competition_ID = competition_record.Competition_ID WHERE Status IN (grape, pineapple, orange, apple, banana) GROUP BY Area_km_2 HAVING MAX(Year) >= 38 ORDER BY Area_km_2 ASC LIMIT 3 OFFSET 5
SELECT COUNT(DISTINCT(Theme)), Population, Area_km_2 FROM city INNER JOIN farm_competitioncompetition_record ON farm_competition.Host_city_ID = city.City_ID AND farm_competition.Competition_ID = competition_record.Competition_ID WHERE Status IN (grape, pineapple, orange, apple, banana) GROUP BY Area_km_2 HAVING MAX(Year) >= 38 ORDER BY Area_km_2 ASC LIMIT 5 OFFSET 6
SELECT COUNT(DISTINCT(Farm_ID)), RAND(6), Area_km_2 FROM city INNER JOIN farm_competitioncompetition_record ON farm_competition.Host_city_ID = city.City_ID AND farm_competition.Competition_ID = competition_record.Competition_ID WHERE Status IN (grape, pineapple, orange, apple, banana) GROUP BY Area_km_2 HAVING MAX(Year) >= 38 ORDER BY Area_km_2 ASC LIMIT 10 OFFSET 7
SELECT COUNT(DISTINCT(Population)), LOG(competition_record.Competition_ID), Area_km_2 FROM city INNER JOIN farm_competitioncompetition_record ON farm_competition.Host_city_ID = city.City_ID AND farm_competition.Competition_ID = competition_record.Competition_ID WHERE Status IN (grape, pineapple, orange, apple, banana) GROUP BY Area_km_2 HAVING MAX(Year) <= 33 ORDER BY Area_km_2 ASC LIMIT 10 OFFSET 8
SELECT COUNT(DISTINCT(City_ID)), (Population * Host_city_ID / (87 - ())), Area_km_2 FROM city INNER JOIN farm_competitioncompetition_record ON farm_competition.Host_city_ID = city.City_ID AND farm_competition.Competition_ID = competition_record.Competition_ID WHERE Status IN (grape, pineapple, orange, apple, banana) GROUP BY Area_km_2 HAVING MAX(Year) <= 33 ORDER BY Area_km_2 ASC LIMIT 2 OFFSET 5
SELECT COUNT(DISTINCT(Theme)), 16, Area_km_2 FROM city INNER JOIN farm_competitioncompetition_record ON farm_competition.Host_city_ID = city.City_ID AND farm_competition.Competition_ID = competition_record.Competition_ID WHERE Status IN (grape, pineapple, orange, apple, banana) GROUP BY Area_km_2 HAVING MAX(Year) <= 33 ORDER BY Area_km_2 ASC LIMIT 1 OFFSET 8"
